date,close
2020-01-01,7174.33
2020-01-02,6945.02
2020-01-03,7334.45
2020-01-04,7348.63
2020-01-05,7355.4
2020-01-06,7764.63
2020-01-07,8158.52
2020-01-08,8045.51
2020-01-09,7813.78
2020-01-10,8198.09
2020-01-11,8020
2020-01-12,8180.81
2020-01-13,8104.5
2020-01-14,8815.69
2020-01-15,8808.81
2020-01-16,8714.76
2020-01-17,8899.42
2020-01-18,8909.32
2020-01-19,8697.53
2020-01-20,8628.89
2020-01-21,8722.03
2020-01-22,8660.38
2020-01-23,8385.22
2020-01-24,8427.26
2020-01-25,8326.81
2020-01-26,8595
2020-01-27,8895.96
2020-01-28,9394.5
2020-01-29,9288.44
2020-01-30,9503.08
2020-01-31,9334.98
2020-02-01,9380.18
2020-02-02,9323.5
2020-02-03,9280.49
2020-02-04,9164.33
2020-02-05,9613.82
2020-02-06,9763.01
2020-02-07,9808.05
2020-02-08,9905.64
2020-02-09,10168.35
2020-02-10,9851.78
2020-02-11,10270.01
2020-02-12,10351.13
2020-02-13,10236.49
2020-02-14,10371.33
2020-02-15,9911.22
2020-02-16,9921
2020-02-17,9700
2020-02-18,10188.04
2020-02-19,9600.08
2020-02-20,9610.05
2020-02-21,9695.66
2020-02-22,9668.23
2020-02-23,9965.01
2020-02-24,9660
2020-02-25,9305
2020-02-26,8778.3
2020-02-27,8812.49
2020-02-28,8708.89
2020-02-29,8525.07
2020-03-01,8522.31
2020-03-02,8915
2020-03-03,8757.84
2020-03-04,8760.66
2020-03-05,9070.17
2020-03-06,9158.51
2020-03-07,8901.37
2020-03-08,8037.76
2020-03-09,7934.52
2020-03-10,7894.68
2020-03-11,7938.05
2020-03-12,4857.1
2020-03-13,5637.6
2020-03-14,5165.25
2020-03-15,5345.35
2020-03-16,5037.61
2020-03-17,5331.71
2020-03-18,5413.64
2020-03-19,6186.26
2020-03-20,6206.1
2020-03-21,6198.78
2020-03-22,5818.25
2020-03-23,6490.63
2020-03-24,6766.64
2020-03-25,6690.96
2020-03-26,6758.18
2020-03-27,6372.36
2020-03-28,6251.82
2020-03-29,5877.21
2020-03-30,6406.4
2020-03-31,6424.35
2020-04-01,6666.11
2020-04-02,6804.52
2020-04-03,6741.99
2020-04-04,6874.77
2020-04-05,6778.25
2020-04-06,7341.56
2020-04-07,7200.01
2020-04-08,7370.11
2020-04-09,7293.24
2020-04-10,6871.91
2020-04-11,6889.65
2020-04-12,6908.13
2020-04-13,6861.21
2020-04-14,6877.37
2020-04-15,6624.12
2020-04-16,7112.64
2020-04-17,7037.46
2020-04-18,7261.76
2020-04-19,7130.71
2020-04-20,6838.19
2020-04-21,6853.68
2020-04-22,7136.84
2020-04-23,7488.83
2020-04-24,7514.64
2020-04-25,7547.61
2020-04-26,7706.4
2020-04-27,7789.77
2020-04-28,7755.01
2020-04-29,8793.75
2020-04-30,8624.28
2020-05-01,8829.42
2020-05-02,8985.58
2020-05-03,8909.95
2020-05-04,8883.53
2020-05-05,9028.79
2020-05-06,9155.79
2020-05-07,10004.77
2020-05-08,9810
2020-05-09,9537.21
2020-05-10,8729.86
2020-05-11,8572.4
2020-05-12,8821.42
2020-05-13,9321.26
2020-05-14,9795.34
2020-05-15,9312.1
2020-05-16,9383.16
2020-05-17,9676.63
2020-05-18,9728.52
2020-05-19,9783.76
2020-05-20,9509.41
2020-05-21,9061.96
2020-05-22,9168.84
2020-05-23,9181.76
2020-05-24,8715.73
2020-05-25,8899.31
2020-05-26,8844.42
2020-05-27,9208.53
2020-05-28,9580.19
2020-05-29,9423.84
2020-05-30,9700.33
2020-05-31,9446.57
2020-06-01,10208.96
2020-06-02,9522.46
2020-06-03,9668.07
2020-06-04,9788.03
2020-06-05,9613.21
2020-06-06,9671.7
2020-06-07,9750.12
2020-06-08,9781.51
2020-06-09,9779.41
2020-06-10,9894.04
2020-06-11,9268.16
2020-06-12,9464.17
2020-06-13,9475
2020-06-14,9325
2020-06-15,9432.53
2020-06-16,9526.25
2020-06-17,9457.51
2020-06-18,9376.14
2020-06-19,9301.91
2020-06-20,9355.74
2020-06-21,9286.14
2020-06-22,9690.74
2020-06-23,9623.56
2020-06-24,9285.91
2020-06-25,9243.51
2020-06-26,9155.42
2020-06-27,9002.46
2020-06-28,9113.24
2020-06-29,9184.45
2020-06-30,9136.2
2020-07-01,9239.97
2020-07-02,9091.53
2020-07-03,9063.87
2020-07-04,9138.51
2020-07-05,9074.39
2020-07-06,9343.31
2020-07-07,9253.94
2020-07-08,9435.28
2020-07-09,9236.95
2020-07-10,9291.05
2020-07-11,9235
2020-07-12,9303.37
2020-07-13,9236.92
2020-07-14,9256.94
2020-07-15,9190.16
2020-07-16,9130.11
2020-07-17,9154.29
2020-07-18,9175.85
2020-07-19,9212.87
2020-07-20,9161.05
2020-07-21,9394.14
2020-07-22,9536.18
2020-07-23,9613.24
2020-07-24,9551.21
2020-07-25,9711.33
2020-07-26,9941
2020-07-27,11048.91
2020-07-28,10934.23
2020-07-29,11110.12
2020-07-30,11115.95
2020-07-31,11351.62
2020-08-01,11810.07
2020-08-02,11068.54
2020-08-03,11233.13
2020-08-04,11197.04
2020-08-05,11756.75
2020-08-06,11773.89
2020-08-07,11606.52
2020-08-08,11774.98
2020-08-09,11688.48
2020-08-10,11899.73
2020-08-11,11388.53
2020-08-12,11566.45
2020-08-13,11795.95
2020-08-14,11779
2020-08-15,11859.24
2020-08-16,11918.84
2020-08-17,12304.26
2020-08-18,11950
2020-08-19,11758.87
2020-08-20,11864.26
2020-08-21,11529.22
2020-08-22,11672.93
2020-08-23,11650.01
2020-08-24,11753.85
2020-08-25,11324.92
2020-08-26,11463.27
2020-08-27,11330.06
2020-08-28,11535
2020-08-29,11474.31
2020-08-30,11716.01
2020-08-31,11655
2020-09-01,11924.22
2020-09-02,11395.48
2020-09-03,10172.52
2020-09-04,10500.05
2020-09-05,10168.36
2020-09-06,10257.86
2020-09-07,10375
2020-09-08,10125.69
2020-09-09,10224.56
2020-09-10,10343.23
2020-09-11,10394.41
2020-09-12,10446.52
2020-09-13,10336.76
2020-09-14,10679.95
2020-09-15,10783.75
2020-09-16,10959.61
2020-09-17,10943.61
2020-09-18,10937.52
2020-09-19,11080
2020-09-20,10920.89
2020-09-21,10416.82
2020-09-22,10531.13
2020-09-23,10235.1
2020-09-24,10740.01
2020-09-25,10690.53
2020-09-26,10730
2020-09-27,10778.2
2020-09-28,10695.55
2020-09-29,10840.73
2020-09-30,10779.63
2020-10-01,10617.63
2020-10-02,10573.12
2020-10-03,10551.65
2020-10-04,10671.11
2020-10-05,10795
2020-10-06,10602.66
2020-10-07,10670.47
2020-10-08,10933.09
2020-10-09,11057.07
2020-10-10,11299.5
2020-10-11,11374.01
2020-10-12,11535.46
2020-10-13,11428.22
2020-10-14,11427.7
2020-10-15,11509.34
2020-10-16,11328.95
2020-10-17,11367.89
2020-10-18,11514.2
2020-10-19,11760.45
2020-10-20,11923.83
2020-10-21,12808
2020-10-22,12987.02
2020-10-23,12937.09
2020-10-24,13126.24
2020-10-25,13045
2020-10-26,13068.79
2020-10-27,13698.18
2020-10-28,13281.05
2020-10-29,13460
2020-10-30,13571.51
2020-10-31,13804.81
2020-11-01,13771.59
2020-11-02,13563.22
2020-11-03,14035.8
2020-11-04,14161.48
2020-11-05,15608.21
2020-11-06,15599.95
2020-11-07,14834.09
2020-11-08,15482.9
2020-11-09,15342.25
2020-11-10,15315.03
2020-11-11,15705.79
2020-11-12,16310.81
2020-11-13,16339.56
2020-11-14,16082.01
2020-11-15,15966.89
2020-11-16,16726.64
2020-11-17,17679.36
2020-11-18,17782.91
2020-11-19,17821.58
2020-11-20,18675.25
2020-11-21,18721.21
2020-11-22,18437.66
2020-11-23,18384.82
2020-11-24,19172.84
2020-11-25,18721.93
2020-11-26,17170
2020-11-27,17153.95
2020-11-28,17739.85
2020-11-29,18202.04
2020-11-30,19713.94
2020-12-01,18782.97
2020-12-02,19225.63
2020-12-03,19448.64
2020-12-04,18658.1
2020-12-05,19158.96
2020-12-06,19375.6
2020-12-07,19177.71
2020-12-08,18316.22
2020-12-09,18546.55
2020-12-10,18253.44
2020-12-11,18042.15
2020-12-12,18821.28
2020-12-13,19166.65
2020-12-14,19272.37
2020-12-15,19444.6
2020-12-16,21359.65
2020-12-17,22826.48
2020-12-18,23137.76
2020-12-19,23849.99
2020-12-20,23476.51
2020-12-21,22729.4
2020-12-22,23823.27
2020-12-23,23228.35
2020-12-24,23717.96
2020-12-25,24704.71
2020-12-26,26475.35
2020-12-27,26258.65
2020-12-28,27040.36
2020-12-29,27366.35
2020-12-30,28897.42
2020-12-31,28990.08
2021-01-01,29412.84
2021-01-02,32225.91
2021-01-03,33080.66
2021-01-04,32019.99
2021-01-05,34030.64
2021-01-06,36859.26
2021-01-07,39505.56
2021-01-08,40665.15
2021-01-09,40257.43
2021-01-10,38171.57
2021-01-11,35452.59
2021-01-12,34038.98
2021-01-13,37393.66
2021-01-14,39125.14
2021-01-15,36754.67
2021-01-16,36006.94
2021-01-17,35820
2021-01-18,36624.23
2021-01-19,35917.28
2021-01-20,35503.09
2021-01-21,30855.95
2021-01-22,32984.93
2021-01-23,32112.01
2021-01-24,32288.56
2021-01-25,32261.87
2021-01-26,32510.82
2021-01-27,30407.13
2021-01-28,33488.99
2021-01-29,34262.11
2021-01-30,34315.63
2021-01-31,33137.74
2021-02-01,33533.19
2021-02-02,35512.67
2021-02-03,37678.37
2021-02-04,36975
2021-02-05,38311.49
2021-02-06,39265.43
2021-02-07,38871.42
2021-02-08,46448.1
2021-02-09,46514.73
2021-02-10,44850
2021-02-11,47997.91
2021-02-12,47408.34
2021-02-13,47232.45
2021-02-14,48680.69
2021-02-15,47936.37
2021-02-16,49158.71
2021-02-17,52170.01
2021-02-18,51601.73
2021-02-19,55983.56
2021-02-20,55923.52
2021-02-21,57489.16
2021-02-22,54142.13
2021-02-23,48899.99
2021-02-24,49737.82
2021-02-25,47058.48
2021-02-26,46326.2
2021-02-27,46180.75
2021-02-28,45231.75
2021-03-01,49639.4
2021-03-02,48511.6
2021-03-03,50360
2021-03-04,48368.52
2021-03-05,48769.47
2021-03-06,48909.84
2021-03-07,50978.61
2021-03-08,52415.23
2021-03-09,54916.38
2021-03-10,55890.69
2021-03-11,57815.47
2021-03-12,57225.91
2021-03-13,61178.5
2021-03-14,58972.7
2021-03-15,55636.15
2021-03-16,56927.11
2021-03-17,58925.54
2021-03-18,57644.95
2021-03-19,58039.66
2021-03-20,58116.7
2021-03-21,57363.32
2021-03-22,54110.07
2021-03-23,54345.54
2021-03-24,52276.16
2021-03-25,51325.01
2021-03-26,55072.44
2021-03-27,55856.53
2021-03-28,55778.82
2021-03-29,57613.48
2021-03-30,58786.46
2021-03-31,58800
2021-04-01,58726.48
2021-04-02,58981.04
2021-04-03,57094.34
2021-04-04,58215.94
2021-04-05,59123.02
2021-04-06,58019.98
2021-04-07,55955.75
2021-04-08,58083.1
2021-04-09,58092.68
2021-04-10,59778.6
2021-04-11,59985.26
2021-04-12,59839.82
2021-04-13,63588.22
2021-04-14,62971.8
2021-04-15,63229.04
2021-04-16,61427.27
2021-04-17,60058.86
2021-04-18,56274.41
2021-04-19,55696.83
2021-04-20,56499.29
2021-04-21,53800.86
2021-04-22,51701.59
2021-04-23,51187.27
2021-04-24,50089.15
2021-04-25,49121
2021-04-26,54053.6
2021-04-27,55069.62
2021-04-28,54894.03
2021-04-29,53580
2021-04-30,57798.77
2021-05-01,57859.28
2021-05-02,56625.2
2021-05-03,57212.73
2021-05-04,53241.92
2021-05-05,57515.69
2021-05-06,56440.66
2021-05-07,57380.39
2021-05-08,58958.05
2021-05-09,58312.57
2021-05-10,55866.41
2021-05-11,56753.19
2021-05-12,49498.77
2021-05-13,49690.11
2021-05-14,49893.48
2021-05-15,46775.51
2021-05-16,46450.79
2021-05-17,43580.5
2021-05-18,42857.15
2021-05-19,36731.75
2021-05-20,40623.33
2021-05-21,37340.77
2021-05-22,37476.83
2021-05-23,34758.67
2021-05-24,38878.56
2021-05-25,38361.81
2021-05-26,39293.23
2021-05-27,38556.88
2021-05-28,35680.47
2021-05-29,34627.82
2021-05-30,35669.44
2021-05-31,37279.31
2021-06-01,36685
2021-06-02,37577.91
2021-06-03,39248.55
2021-06-04,36856.52
2021-06-05,35539.49
2021-06-06,35800.48
2021-06-07,33575.91
2021-06-08,33402.13
2021-06-09,37403.86
2021-06-10,36694.05
2021-06-11,37338.44
2021-06-12,35557.33
2021-06-13,39015.24
2021-06-14,40539.47
2021-06-15,40162.37
2021-06-16,38351
2021-06-17,38095.17
2021-06-18,35841.81
2021-06-19,35484.79
2021-06-20,35585.78
2021-06-21,31609.82
2021-06-22,32538.37
2021-06-23,33688.35
2021-06-24,34654.58
2021-06-25,31594.63
2021-06-26,32275.19
2021-06-27,34709.23
2021-06-28,34493.22
2021-06-29,35904.28
2021-06-30,35060
2021-07-01,33516.11
2021-07-02,33805.02
2021-07-03,34682.16
2021-07-04,35284.05
2021-07-05,33697.78
2021-07-06,34225.73
2021-07-07,33878.56
2021-07-08,32875.95
2021-07-09,33824.26
2021-07-10,33515.35
2021-07-11,34259.23
2021-07-12,33091.1
2021-07-13,32734.14
2021-07-14,32816.39
2021-07-15,31868.68
2021-07-16,31388.06
2021-07-17,31533.91
2021-07-18,31788.25
2021-07-19,30842.03
2021-07-20,29796.16
2021-07-21,32135.19
2021-07-22,32287.74
2021-07-23,33647.26
2021-07-24,34283.01
2021-07-25,35428.26
2021-07-26,37262.77
2021-07-27,39470.48
2021-07-28,40035.1
2021-07-29,40039.44
2021-07-30,42237.95
2021-07-31,41495.01
2021-08-01,39865.41
2021-08-02,39149.59
2021-08-03,38191.44
2021-08-04,39722.41
2021-08-05,40888.74
2021-08-06,42869.58
2021-08-07,44637.34
2021-08-08,43829.14
2021-08-09,46285.48
2021-08-10,45595.66
2021-08-11,45553.49
2021-08-12,44422.14
2021-08-13,47833.64
2021-08-14,47109.65
2021-08-15,47014.49
2021-08-16,45902.46
2021-08-17,44671.58
2021-08-18,44707.98
2021-08-19,46765.87
2021-08-20,49342.4
2021-08-21,48867.02
2021-08-22,49284.63
2021-08-23,49506.5
2021-08-24,47682.45
2021-08-25,48987.33
2021-08-26,46851.47
2021-08-27,49077.57
2021-08-28,48942.94
2021-08-29,48802.58
2021-08-30,46993.71
2021-08-31,47112.5
2021-09-01,48839.86
2021-09-02,49279.37
2021-09-03,50025
2021-09-04,49942.98
2021-09-05,51789.17
2021-09-06,52698.81
2021-09-07,46894.5
2021-09-08,46060.36
2021-09-09,46400
2021-09-10,44851.45
2021-09-11,45171.83
2021-09-12,46024.23
2021-09-13,44947.72
2021-09-14,47127.22
2021-09-15,48148.12
2021-09-16,47753.16
2021-09-17,47303.5
2021-09-18,48314.56
2021-09-19,47255.92
2021-09-20,43012.97
2021-09-21,40719.6
2021-09-22,43575.1
2021-09-23,44897.59
2021-09-24,42848.92
2021-09-25,42705.51
2021-09-26,43178.02
2021-09-27,42171.76
2021-09-28,41026.07
2021-09-29,41522.16
2021-09-30,43824.43
2021-10-01,48165.76
2021-10-02,47657.69
2021-10-03,48233.99
2021-10-04,49245.54
2021-10-05,51493.99
2021-10-06,55339.48
2021-10-07,53797.82
2021-10-08,53963.82
2021-10-09,54962.29
2021-10-10,54690.53
2021-10-11,57487.44
2021-10-12,56005.1
2021-10-13,57367.32
2021-10-14,57359.51
2021-10-15,61695.39
2021-10-16,60877.42
2021-10-17,61527.11
2021-10-18,62042.41
2021-10-19,64303.14
2021-10-20,66026.54
2021-10-21,62204.02
2021-10-22,60687.64
2021-10-23,61300.01
2021-10-24,60854.48
2021-10-25,63083.54
2021-10-26,60337.62
2021-10-27,58455.47
2021-10-28,60591.65
2021-10-29,62276.72
2021-10-30,61892.41
2021-10-31,61343.68
2021-11-01,60949.54
2021-11-02,63266.51
2021-11-03,62935.41
2021-11-04,61444.5
2021-11-05,61006.15
2021-11-06,61539.31
2021-11-07,63309.13
2021-11-08,67554.84
2021-11-09,66944.66
2021-11-10,64912.2
2021-11-11,64807.59
2021-11-12,64147.9
2021-11-13,64400.01
2021-11-14,65505.02
2021-11-15,63624.59
2021-11-16,60107.98
2021-11-17,60351.51
2021-11-18,56898
2021-11-19,58122.16
2021-11-20,59760.76
2021-11-21,58671.21
2021-11-22,56280.81
2021-11-23,57566.85
2021-11-24,57162.66
2021-11-25,58987.27
2021-11-26,53757.67
2021-11-27,54759.05
2021-11-28,57317.17
2021-11-29,57838.06
2021-11-30,56987.97
2021-12-01,57226.5
2021-12-02,56521.46
2021-12-03,53638.04
2021-12-04,49241.12
2021-12-05,49484.22
2021-12-06,50529.56
2021-12-07,50625.48
2021-12-08,50519.68
2021-12-09,47568.43
2021-12-10,47170.94
2021-12-11,49407.75
2021-12-12,50089.64
2021-12-13,46727.89
2021-12-14,48367.43
2021-12-15,48884.78
2021-12-16,47634.22
2021-12-17,46166.5
2021-12-18,46859.46
2021-12-19,46687.19
2021-12-20,46926.07
2021-12-21,48914.7
2021-12-22,48608.62
2021-12-23,50842.2
2021-12-24,50851.38
2021-12-25,50428.31
2021-12-26,50801.79
2021-12-27,50717.77
2021-12-28,47543.09
2021-12-29,46471.24
2021-12-30,47122.08
2021-12-31,46211.24
2022-01-01,47733.43
2022-01-02,47299.07
2022-01-03,46459.56
2022-01-04,45814.61
2022-01-05,43436.04
2022-01-06,43083.76
2022-01-07,41565.18
2022-01-08,41684.84
2022-01-09,41876.52
2022-01-10,41824.07
2022-01-11,42753.44
2022-01-12,43920.37
2022-01-13,42581.65
2022-01-14,43090.72
2022-01-15,43098.2
2022-01-16,43104.34
2022-01-17,42218.01
2022-01-18,42369.74
2022-01-19,41674.27
2022-01-20,40670.97
2022-01-21,36456.94
2022-01-22,35066.43
2022-01-23,36282.47
2022-01-24,36693.32
2022-01-25,36980
2022-01-26,36840.63
2022-01-27,37188.37
2022-01-28,37741.9
2022-01-29,38191.1
2022-01-30,37901.35
2022-01-31,38491.93
2022-02-01,38716.88
2022-02-02,36923.39
2022-02-03,37329.91
2022-02-04,41614.64
2022-02-05,41404.85
2022-02-06,42415.16
2022-02-07,43868.07
2022-02-08,44085.59
2022-02-09,44416.35
2022-02-10,43527.71
2022-02-11,42386.47
2022-02-12,42244.97
2022-02-13,42074.99
2022-02-14,42548.71
2022-02-15,44583.52
2022-02-16,43895.56
2022-02-17,40536.73
2022-02-18,39983.56
2022-02-19,40101.94
2022-02-20,38389.03
2022-02-21,37023
2022-02-22,38251.48
2022-02-23,37268.19
2022-02-24,38347.3
2022-02-25,39238.48
2022-02-26,39137.8
2022-02-27,37717.08
2022-02-28,43192.66
2022-03-01,44439.95
2022-03-02,43912.34
2022-03-03,42464.41
2022-03-04,39166.51
2022-03-05,39402.43
2022-03-06,38408.38
2022-03-07,37994
2022-03-08,38749.38
2022-03-09,41953.97
2022-03-10,39433.71
2022-03-11,38732.04
2022-03-12,38813.02
2022-03-13,37793.01
2022-03-14,39674.17
2022-03-15,39298.1
2022-03-16,41127.97
2022-03-17,40950.33
2022-03-18,41774.98
2022-03-19,42232.26
2022-03-20,41287.24
2022-03-21,41017.71
2022-03-22,42378.26
2022-03-23,42899.71
2022-03-24,44012.29
2022-03-25,44331.85
2022-03-26,44539.42
2022-03-27,46850.01
2022-03-28,47144.92
2022-03-29,47454.19
2022-03-30,47078.03
2022-03-31,45528.45
2022-04-01,46296.34
2022-04-02,45826.27
2022-04-03,46422.16
2022-04-04,46596.83
2022-04-05,45506.5
2022-04-06,43166.7
2022-04-07,43452.18
2022-04-08,42262.02
2022-04-09,42766.93
2022-04-10,42165.96
2022-04-11,39535.87
2022-04-12,40086.23
2022-04-13,41146.68
2022-04-14,39954.08
2022-04-15,40554.58
2022-04-16,40387.6
2022-04-17,39683.54
2022-04-18,40803.58
2022-04-19,41503.85
2022-04-20,41377.61
2022-04-21,40480.81
2022-04-22,39712.25
2022-04-23,39465.87
2022-04-24,39464.56
2022-04-25,40439.22
2022-04-26,38113.82
2022-04-27,39251.11
2022-04-28,39743.22
2022-04-29,38593.1
2022-04-30,37644.1
2022-05-01,38473.05
2022-05-02,38510.89
2022-05-03,37719.59
2022-05-04,39669.56
2022-05-05,36537.22
2022-05-06,35999.1
2022-05-07,35458
2022-05-08,34027.91
2022-05-09,30078.27
2022-05-10,31002.39
2022-05-11,28972.34
2022-05-12,28941.95
2022-05-13,29232.18
2022-05-14,30041.88
2022-05-15,31290.05
2022-05-16,29839.89
2022-05-17,30412.12
2022-05-18,28672.94
2022-05-19,30274.59
2022-05-20,29155.75
2022-05-21,29408.26
2022-05-22,30260.87
2022-05-23,29082.52
2022-05-24,29626.44
2022-05-25,29503.49
2022-05-26,29166.06
2022-05-27,28598.31
2022-05-28,29008.99
2022-05-29,29447.07
2022-05-30,31711.42
2022-05-31,31784.05
2022-06-01,29788.79
2022-06-02,30433.75
2022-06-03,29670.85
2022-06-04,29843.18
2022-06-05,29901.54
2022-06-06,31343.61
2022-06-07,31106.9
2022-06-08,30177
2022-06-09,30079.62
2022-06-10,29063.11
2022-06-11,28388.63
2022-06-12,26555.2
2022-06-13,22460.97
2022-06-14,22120.25
2022-06-15,22562.33
2022-06-16,20372
2022-06-17,20447.86
2022-06-18,18948.89
2022-06-19,20552.44
2022-06-20,20549.75
2022-06-21,20696.96
2022-06-22,19968.46
2022-06-23,21104.45
2022-06-24,21223.72
2022-06-25,21478.04
2022-06-26,21027.92
2022-06-27,20725.17
2022-06-28,20252.89
2022-06-29,20094.79
2022-06-30,19985.62
2022-07-01,19252.76
2022-07-02,19224.03
2022-07-03,19291.33
2022-07-04,20211.35
2022-07-05,20153.51
2022-07-06,20542.67
2022-07-07,21614.6
2022-07-08,21582.2
2022-07-09,21583.99
2022-07-10,20850.65
2022-07-11,19942.43
2022-07-12,19303.65
2022-07-13,20220.23
2022-07-14,20577.02
2022-07-15,20827.55
2022-07-16,21189.68
2022-07-17,20791.74
2022-07-18,22427.56
2022-07-19,23395.06
2022-07-20,23226.99
2022-07-21,23153.96
2022-07-22,22687.68
2022-07-23,22450.69
2022-07-24,22583.43
2022-07-25,21313.41
2022-07-26,21261.57
2022-07-27,22962.59
2022-07-28,23851.7
2022-07-29,23784.5
2022-07-30,23650.13
2022-07-31,23307.44
2022-08-01,23273.86
2022-08-02,22989.4
2022-08-03,22825
2022-08-04,22623.94
2022-08-05,23320.81
2022-08-06,22960.93
2022-08-07,23177.39
2022-08-08,23815.65
2022-08-09,23158.27
2022-08-10,23962.18
2022-08-11,23944.86
2022-08-12,24415.18
2022-08-13,24456.49
2022-08-14,24316.71
2022-08-15,24097.82
2022-08-16,23857.93
2022-08-17,23341.17
2022-08-18,23189.46
2022-08-19,20834.94
2022-08-20,21139.23
2022-08-21,21518.62
2022-08-22,21398.25
2022-08-23,21528.34
2022-08-24,21367.12
2022-08-25,21561.86
2022-08-26,20240.72
2022-08-27,20036.69
2022-08-28,19554.03
2022-08-29,20286.97
2022-08-30,19813.17
2022-08-31,20048.26
2022-09-01,20133.65
2022-09-02,19953.74
2022-09-03,19835.47
2022-09-04,20004.73
2022-09-05,19794.58
2022-09-06,18790.91
2022-09-07,19293.52
2022-09-08,19321.87
2022-09-09,21364.5
2022-09-10,21651.52
2022-09-11,21831.72
2022-09-12,22402.71
2022-09-13,20174.78
2022-09-14,20227.77
2022-09-15,19703.67
2022-09-16,19801.04
2022-09-17,20113.37
2022-09-18,19417.64
2022-09-19,19540.38
2022-09-20,18876.91
2022-09-21,18462.64
2022-09-22,19401.25
2022-09-23,19286.01
2022-09-24,18923.2
2022-09-25,18808.61
2022-09-26,19228
2022-09-27,19077.57
2022-09-28,19412.07
2022-09-29,19595.57
2022-09-30,19426.11
2022-10-01,19315.27
2022-10-02,19059.17
2022-10-03,19633.46
2022-10-04,20345.19
2022-10-05,20161.62
2022-10-06,19965.64
2022-10-07,19533.05
2022-10-08,19419.39
2022-10-09,19443.47
2022-10-10,19132.83
2022-10-11,19058.11
2022-10-12,19155.92
2022-10-13,19378.65
2022-10-14,19178
2022-10-15,19070.24
2022-10-16,19264.44
2022-10-17,19550.4
2022-10-18,19328.76
2022-10-19,19124.18
2022-10-20,19042.48
2022-10-21,19166.45
2022-10-22,19209.1
2022-10-23,19572.44
2022-10-24,19330.41
2022-10-25,20086.28
2022-10-26,20775.4
2022-10-27,20296.97
2022-10-28,20597.91
2022-10-29,20823.53
2022-10-30,20630.68
2022-10-31,20489.94
2022-11-01,20479.63
2022-11-02,20151.4
2022-11-03,20206.88
2022-11-04,21144.2
2022-11-05,21300.45
2022-11-06,20909.17
2022-11-07,20593.49
2022-11-08,18550.25
2022-11-09,15891.96
2022-11-10,17553.89
2022-11-11,17013.62
2022-11-12,16783.33
2022-11-13,16301.39
2022-11-14,16590.73
2022-11-15,16877.93
2022-11-16,16645.24
2022-11-17,16680.47
2022-11-18,16680.59
2022-11-19,16683.02
2022-11-20,16252.53
2022-11-21,15760.14
2022-11-22,16199.71
2022-11-23,16587
2022-11-24,16587.61
2022-11-25,16510.9
2022-11-26,16450.93
2022-11-27,16419.88
2022-11-28,16206.3
2022-11-29,16438
2022-11-30,17167.33
2022-12-01,16980.08
2022-12-02,17094.71
2022-12-03,16888.53
2022-12-04,17108.9
2022-12-05,16966.05
2022-12-06,17089.05
2022-12-07,16840
2022-12-08,17226.01
2022-12-09,17130.59
2022-12-10,17128.1
2022-12-11,17085.21
2022-12-12,17211.66
2022-12-13,17773.18
2022-12-14,17804.97
2022-12-15,17357.96
2022-12-16,16632.64
2022-12-17,16782.25
2022-12-18,16741.16
2022-12-19,16439.74
2022-12-20,16897.65
2022-12-21,16826.56
2022-12-22,16815.51
2022-12-23,16777.21
2022-12-24,16837.12
2022-12-25,16829.02
2022-12-26,16917.96
2022-12-27,16698.73
2022-12-28,16539.66
2022-12-29,16627.54
2022-12-30,16600.1
2022-12-31,16530.35
2023-01-01,16611.58
2023-01-02,16666.95
2023-01-03,16669.47
2023-01-04,16844.42
2023-01-05,16825.69
2023-01-06,16948.06
2023-01-07,16942.37
2023-01-08,17125.18
2023-01-09,17177.98
2023-01-10,17443.5
2023-01-11,17944.27
2023-01-12,18847.75
2023-01-13,19934.88
2023-01-14,20957.02
2023-01-15,20879.7
2023-01-16,21187.5
2023-01-17,21136.33
2023-01-18,20674.29
2023-01-19,21084.22
2023-01-20,22669.81
2023-01-21,22789.37
2023-01-22,22714.87
2023-01-23,22920.29
2023-01-24,22636.17
2023-01-25,23062.36
2023-01-26,23010.47
2023-01-27,23084.4
2023-01-28,23028.95
2023-01-29,23745.8
2023-01-30,22836.03
2023-01-31,23128.86
2023-02-01,23735.97
2023-02-02,23493.84
2023-02-03,23433.54
2023-02-04,23328.87
2023-02-05,22936.34
2023-02-06,22764.07
2023-02-07,23244.67
2023-02-08,22964.38
2023-02-09,21800.63
2023-02-10,21628.97
2023-02-11,21863.73
2023-02-12,21789.8
2023-02-13,21789.14
2023-02-14,22206.27
2023-02-15,24329.04
2023-02-16,23516.15
2023-02-17,24577.6
2023-02-18,24636.23
2023-02-19,24281.31
2023-02-20,24844.97
2023-02-21,24454.43
2023-02-22,24184.44
2023-02-23,23943.32
2023-02-24,23186.88
2023-02-25,23159.71
2023-02-26,23556.83
2023-02-27,23489.52
2023-02-28,23145.32
2023-03-01,23631.52
2023-03-02,23468.24
2023-03-03,22358.18
2023-03-04,22350.95
2023-03-05,22432.69
2023-03-06,22410.31
2023-03-07,22198.48
2023-03-08,21698.37
2023-03-09,20367.01
2023-03-10,20230.08
2023-03-11,20620.54
2023-03-12,22219.08
2023-03-13,24220
2023-03-14,24762.65
2023-03-15,24377.16
2023-03-16,25051.85
2023-03-17,27453.62
2023-03-18,26980.35
2023-03-19,28054.46
2023-03-20,27823.32
2023-03-21,28207.33
2023-03-22,27325.15
2023-03-23,28352.94
2023-03-24,27489.24
2023-03-25,27488.18
2023-03-26,27992.9
2023-03-27,27142.87
2023-03-28,27274.15
2023-03-29,28359.54
2023-03-30,28035.48
2023-03-31,28474.4
2023-04-01,28471.46
2023-04-02,28188.34
2023-04-03,27811.77
2023-04-04,28179.64
2023-04-05,28175.37
2023-04-06,28053.46
2023-04-07,27931.94
2023-04-08,27958.81
2023-04-09,28340.99
2023-04-10,29660.41
2023-04-11,30227.19
2023-04-12,29912.2
2023-04-13,30406.78
2023-04-14,30492.92
2023-04-15,30324.11
2023-04-16,30326.09
2023-04-17,29449.91
2023-04-18,30393.4
2023-04-19,28809.72
2023-04-20,28248.18
2023-04-21,27253.85
2023-04-22,27821.41
2023-04-23,27592.98
2023-04-24,27515.05
2023-04-25,28304.42
2023-04-26,28426.08
2023-04-27,29483.72
2023-04-28,29338.63
2023-04-29,29249.35
2023-04-30,29247.14
2023-05-01,28077.27
2023-05-02,28684.4
2023-05-03,29038.75
2023-05-04,28857.23
2023-05-05,29536.76
2023-05-06,28902.66
2023-05-07,28474.53
2023-05-08,27695.06
2023-05-09,27647.29
2023-05-10,27624.01
2023-05-11,26986.56
2023-05-12,26808.84
2023-05-13,26789.48
2023-05-14,26929.98
2023-05-15,27171.13
2023-05-16,27037.68
2023-05-17,27407.77
2023-05-18,26820.49
2023-05-19,26890.27
2023-05-20,27113.61
2023-05-21,26752.65
2023-05-22,26854.73
2023-05-23,27223.22
2023-05-24,26321.4
2023-05-25,26479.06
2023-05-26,26714.86
2023-05-27,26867.99
2023-05-28,28070.04
2023-05-29,27744.82
2023-05-30,27700.15
2023-05-31,27223.08
2023-06-01,26828.42
2023-06-02,27250.69
2023-06-03,27077.6
2023-06-04,27122.04
2023-06-05,25741.5
2023-06-06,27243.63
2023-06-07,26346.41
2023-06-08,26508.32
2023-06-09,26482.81
2023-06-10,25856.1
2023-06-11,25937.02
2023-06-12,25905.82
2023-06-13,25930.23
2023-06-14,25123.34
2023-06-15,25569.99
2023-06-16,26329.6
2023-06-17,26506.56
2023-06-18,26336.46
2023-06-19,26837.78
2023-06-20,28320.43
2023-06-21,29995.08
2023-06-22,29886.31
2023-06-23,30707.61
2023-06-24,30547.18
2023-06-25,30480.24
2023-06-26,30272.18
2023-06-27,30697.38
2023-06-28,30074.94
2023-06-29,30446.47
2023-06-30,30466.72
2023-07-01,30587.21
2023-07-02,30613.51
2023-07-03,31161.8
2023-07-04,30771.25
2023-07-05,30499.27
2023-07-06,29899.38
2023-07-07,30352.08
2023-07-08,30291.69
2023-07-09,30168.38
2023-07-10,30419.89
2023-07-11,30626.55
2023-07-12,30381.81
2023-07-13,31471.83
2023-07-14,30330.52
2023-07-15,30301.65
2023-07-16,30247.64
2023-07-17,30143.08
2023-07-18,29861.93
2023-07-19,29916.72
2023-07-20,29809.13
2023-07-21,29907.98
2023-07-22,29795.03
2023-07-23,30081.61
2023-07-24,29176.98
2023-07-25,29225.14
2023-07-26,29353.23
2023-07-27,29214.92
2023-07-28,29316.15
2023-07-29,29355.71
2023-07-30,29281.39
2023-07-31,29230.67
2023-08-01,29697.27
2023-08-02,29164.22
2023-08-03,29174.18
2023-08-04,29076.48
2023-08-05,29047.12
2023-08-06,29040.01
2023-08-07,29179.21
2023-08-08,29770.01
2023-08-09,29562.76
2023-08-10,29424.03
2023-08-11,29400.45
2023-08-12,29416.96
2023-08-13,29275.94
2023-08-14,29405.49
2023-08-15,29170.14
2023-08-16,28700.51
2023-08-17,26627.57
2023-08-18,26048.89
2023-08-19,26096.42
2023-08-20,26189.14
2023-08-21,26125.18
2023-08-22,26042.11
2023-08-23,26427.54
2023-08-24,26163.49
2023-08-25,26049.39
2023-08-26,26009.61
2023-08-27,26091.16
2023-08-28,26101.04
2023-08-29,27717.98
2023-08-30,27306.06
2023-08-31,25932.45
2023-09-01,25794.88
2023-09-02,25867.83
2023-09-03,25969.83
2023-09-04,25816.13
2023-09-05,25783.91
2023-09-06,25747.63
2023-09-07,26276.3
2023-09-08,25906.34
2023-09-09,25897.82
2023-09-10,25831.76
2023-09-11,25152.14
2023-09-12,25840.61
2023-09-13,26226.65
2023-09-14,26532.76
2023-09-15,26602.42
2023-09-16,26569.69
2023-09-17,26530.95
2023-09-18,26764.49
2023-09-19,27216.13
2023-09-20,27123.94
2023-09-21,26564.54
2023-09-22,26578.4
2023-09-23,26579.6
2023-09-24,26250.24
2023-09-25,26296.08
2023-09-26,26208.44
2023-09-27,26357.62
2023-09-28,27027.14
2023-09-29,26907
2023-09-30,26961
2023-10-01,27995.46
2023-10-02,27504.04
2023-10-03,27428.96
2023-10-04,27786.75
2023-10-05,27412.96
2023-10-06,27945.17
2023-10-07,27976.43
2023-10-08,27933.55
2023-10-09,27596.67
2023-10-10,27393.29
2023-10-11,26869.19
2023-10-12,26750.51
2023-10-13,26863.53
2023-10-14,26851.71
2023-10-15,27186.13
2023-10-16,28520.24
2023-10-17,28408.83
2023-10-18,28326.51
2023-10-19,28735.34
2023-10-20,29684.73
2023-10-21,29924.84
2023-10-22,30004.15
2023-10-23,33087.58
2023-10-24,33922.52
2023-10-25,34506.35
2023-10-26,34154.71
2023-10-27,33906.09
2023-10-28,34085.42
2023-10-29,34534.48
2023-10-30,34493.79
2023-10-31,34656.4
2023-11-01,35440.1
2023-11-02,34950
2023-11-03,34731.27
2023-11-04,35087.01
2023-11-05,35035.42
2023-11-06,35059.46
2023-11-07,35416.28
2023-11-08,35639.13
2023-11-09,36706.59
2023-11-10,37324.83
2023-11-11,37139.12
2023-11-12,37086.03
2023-11-13,36475.67
2023-11-14,35554.09
2023-11-15,37885.35
2023-11-16,36161.15
2023-11-17,36630.38
2023-11-18,36594.89
2023-11-19,37391.19
2023-11-20,37475.64
2023-11-21,35751.89
2023-11-22,37424.31
2023-11-23,37304.05
2023-11-24,37745.84
2023-11-25,37805.99
2023-11-26,37462.79
2023-11-27,37241.63
2023-11-28,37838.26
2023-11-29,37863.84
2023-11-30,37732.27
2023-12-01,38703.54
2023-12-02,39478.95
2023-12-03,39984.81
2023-12-04,41987.24
2023-12-05,44084.39
2023-12-06,43764.05
2023-12-07,43280.95
2023-12-08,44192.87
2023-12-09,43723.25
2023-12-10,43793.68
2023-12-11,41229.61
2023-12-12,41477.39
2023-12-13,42885.54
2023-12-14,43027.77
2023-12-15,41933.89
2023-12-16,42237.29
2023-12-17,41349.59
2023-12-18,42650.01
2023-12-19,42266.22
2023-12-20,43674.77
2023-12-21,43875.32
2023-12-22,44013.73
2023-12-23,43726.35
2023-12-24,43025.03
2023-12-25,43589.67
2023-12-26,42515.53
2023-12-27,43474.4
2023-12-28,42581.23
2023-12-29,42063.45
2023-12-30,42141.03
2023-12-31,42288.06
